M366484,true
J358886,true
G207191,true
D540318,true
H401819,true
J388894,true
A343292,true
G182738,true
B487467,true
F334550,true
C379423,true
F385227,true
A187378,true
E524688,true
A406663,true
H400158,true
G283850,true
G370981,true
A209004,true
M397328,true
H552453,true
M490773,true
J485342,true
E336401,true
F492147,true
K220020,true
E508606,true
C203643,true
H510653,true
A264312,true
B476874,true
M518064,true
A394772,true
G318423,true
H330682,true
M519208,true
M448874,true
B483881,true
D523609,true
A385928,true
C326986,true
M519241,true
H452430,true
A284299,true
E530474,true
K278353,true
E540033,true
A333315,true
H384791,true
M481896,true
A241124,true
G337552,true
M311693,true
J501226,true
J482372,true
E576740,true
D409011,true
H472681,true
B438099,true
A325461,true
H580833,true
A407257,true
D366980,true
B478304,true
H538428,true
B340716,true
G192440,true
D537216,true
F529987,true
A404045,true
G345296,true
G186280,true
M488837,true
G363171,true
D378981,true
A343523,true
E586255,true
M456288,true
F562327,true
D456608,true
G280759,true
J424490,true
G314870,true
F557773,true
G248859,true
H465443,true
G152697,true
B314767,true
K442363,true
B279270,true
B296276,true
K420022,true
A357317,true
J417175,true
A313900,true
B385222,true
A336824,true
A208234,true
E504239,true
D525875,true
E319285,true
D531001,true
D526821,true
M433595,true
A246525,true
F548236,true
K384426,true
A399205,true
E408825,true
G360685,true
J335126,true
E473450,true
D539768,true
J309122,true
C186824,true
M342801,true
H576356,true
C127391,true
H354057,true
D527932,true
J494318,true
H503305,true
F562569,true
F335573,true
M486109,true
B289489,true
K205819,true
E421849,true
F563658,true
D363977,true
J393547,true
K334123,true
D540725,true
F475900,true
G281826,true
D327809,true
G338289,true
H400708,true
M48097,false
D540648,true
M291618,true
K311375,true
E586244,true
J498762,true
E385670,true
M310824,true
H397298,true
B415945,true
D387726,true
E563463,true
K449150,true
G153159,true
J261668,true
K448369,true
K395371,true
M288450,true
F564527,true
A199148,true
K447434,true
M517481,true
J402908,true
J423863,true
F375811,true
J279488,true
B298894,true
K278606,true
B315009,true
F465384,true
G132204,true
F497614,true
C201597,true
A255303,true
H353023,true
K386483,true
A235019,true
D516382,true
A191525,true
M325883,true
A304649,true
F345242,true
F563592,true
H549824,true
H578787,true
J501204,true
G193221,true
G305388,true
H482108,true
K353153,true
H545996,true
M4877440,false
A304682,true
M410715,true
A243181,true
M330635,true
G214374,true
E573231,true
E365353,true
K256188,true
J384406,true
A383541,true
K246640,true
C236742,true
D499970,true
F564791,true
E586266,true
A171582,true
G304200,true
B487555,true
F536389,true
J432652,true
J494846,true
F564736,true
H360657,true
F489573,true
M316643,true
G303727,true
C180037,true
C174130,true
G152334,true
F339753,true
G311196,true
M484085,true
K418724,true
M428018,true
A350717,true
G209512,true
C386298,true
M506085,true
A408456,true
J344476,true
D527107,true
B487357,true
C232067,true
K445487,true
G344185,true
H578127,true
H393228,true
D369081,true
C278960,true
F564813,true
F534145,true
D529626,true
M418415,true
K222539,true
E313235,true
M360214,true
H556842,true
F509725,true
D461888,true
D293720,true
D482513,true
G337871,true
H564663,true
F390771,true
J495550,true
E584682,true
D291234,true
D529384,true
A216473,true
F564824,true
A408709,true
B388918,true
E569535,true
B255477,true
F386921,true
A146271,true
J464211,true
C386408,true
C377421,true
F5566057,false
C368599,true
F496404,true
D540747,true
B487588,true
B271471,true
M367023,true
M517921,true
F406787,true
B282075,true
K433299,true
J447931,true
M392268,true
D474912,true
F386756,true
K446906,true
C385286,true
A258108,true
F52221,false
A257503,true
K435334,true
K199758,true
E561549,true
H433895,true
K314301,true
C334433,true
M487968,true
B476236,true
F564461,true
J383383,true
K349050,true
G275633,true
M381367,true
D450239,true
C246972,true
B356402,true
M433474,true
G298238,true
B322005,true
A302031,true
M354725,true
C181522,true
B454071,true
D375307,true
H410663,true
M295710,true
G184850,true
K450107,true
J488554,true
C308495,true
D538602,true
K323530,true
H573342,true
A354710,true
B485575,true
J468391,true
M290254,true
A317574,true
J489962,true
C186249,false
A203460,true
H407407,true
E561307,true
B846209,false
C186274,true
E533939,true
A357746,true
J467225,true
E861294,false
C225566,true
B846951,false
B478381,true
C389416,false
A334217,true
J482438,true
K367299,true
B305736,true
M439788,true
K428404,true
A248010,true
H397870,true
B293438,true
G276953,true
M519329,true
H423335,true
K390157,true
A192966,true
C340945,true
D502544,true
H568337,true
K438821,true
A197146,true
G375194,true
D437908,true
A356712,true
A281450,true
K413862,true
E497078,true
C174581,true
A407840,true
G116672,true
K330229,true
D540824,true
B395881,true
J475244,true
J280500,true
K452087,true
A358098,true
J253264,true
E429824,true
E369071,true
H532059,true
C250976,true
M305302,true
B312941,true
H573353,true
B277543,true
B483166,true
B476357,true
A289601,true
D519726,true
J443102,true
G358353,true
K299220,true
B420356,true
A242620,true
A284706,true
C246477,true
H404866,true
D476683,true
J419166,true
G368297,true
C379687,true
G190559,true
M514676,true
D509529,true
M513312,true
A404793,true
D534367,true
F540998,true
G258099,true
H458381,true
F388373,true
F385766,true
H551562,true
C269335,true
K409286,true
H574442,true
B310752,true
H418506,true
D327435,true
C142263,true
K424070,true
A382562,true
B334182,true
E416283,true
J341968,true
A404463,true
C215600,true
F477033,true
J492613,true
B484871,true
M443066,true
K411618,true
C372460,true
C243331,true
K309549,true
M458752,true
A257855,true
F392421,true
B283725,true
H572374,true
D473064,true
J492976,true
B293251,true
C335599,true
J310398,true
H576389,true
J497299,true
H512138,true
J494054,true
K446928,true
A335339,true
D410034,true
F364283,true
G369925,true
J318571,true
D537172,true
B438759,true
E578973,true
C247027,true
F558004,true
A390339,true
G254436,true
B469966,true
D535302,true
J429011,true
H532224,true
J493317,true
B461980,true
G353799,true
A179326,true
B410302,true
D287648,true
B479679,true
G347705,true
B486356,true
D496296,true
D356783,true
K258355,true
E581624,true
K399122,true
D456883,true
D437820,true
D440570,true
F432087,true
G231336,true
F384248,true
M439348,true
A407675,true
G354745,true
J353309,true
C319220,true
J493647,true
A313229,true
J496749,true
E568248,true
F463679,true
G266448,true
G162784,true
M349511,true
G364458,true
A391714,true
H440572,true
B354697,true
J490952,true
E582174,true
H554807,true
K321660,true
D442649,true
A209081,true
A876415,false
M518042,true
B348195,false
E816495,false
G319456,false
H580965,true
D510816,true
G361224,true
E816429,false
K211473,true
D894531,false
E393425,true
H568161,true
B257534,true
D468194,false
G375183,true
B240352,true
G292023,true
F493027,true
J472318,true
C210826,true
E507836,true
E422707,true
C293964,true
D411926,true
M377297,true
C312818,true
H566335,true
C327690,true
E526173,true
G201471,true
C360283,true
F493687,true
M476528,true
C314820,true
F336156,true
D371380,true
J490754,true
H386540,true
D350755,true
B292976,true
A393958,true
F377769,true
G354154,false
F550161,true
H472186,true
J355069,true
G342161,true
H419397,true
A184859,true
G155502,true
C122364,true
G228564,true
K202552,true
H558481,true
H307296,true
D533872,true
H569844,true
B311027,true
G185785,true
H544500,true
B329287,true
H571923,true
E384207,true
K315874,true
F530240,true
H363880,true
J350383,true
M253921,true
E371260,true
F354372,true
D515733,true
H468842,true
B272428,true
F362259,true
D318734,true
K387275,true
G370145,true
C333762,true
E514414,true
J421355,true
D405447,true
K317821,true
J465465,true
D417096,true
M405974,true
J377795,true
J467313,true
B294769,true
C126863,true
G362181,true
M343175,true
K433992,true
H483340,true
B456656,true
F425740,true
F523420,true
J400499,true
H528451,true
G348937,true
K394953,true
D296613,true
G239773,true
J336512,true
K320560,true
D338875,true
D413026,true
H563376,true
M314410,true
C197010,true
F484502,true
A350574,true
K296371,true
E365056,true
G251609,true
C351560,true
B471253,true
E384196,true
F521000,true
B382967,true
J278960,true
C249216,true
M515886,true
C257059,true
D425083,false
J387079,true
H371712,true
D352955,true
G257362,true
B214337,true
M362711,true
E464881,true
B305714,true
J271491,true
J312895,true
J314358,true
G210172,true
H479193,true
C337062,true
K370940,true
A207332,true
J237996,true
H546964,true
M345529,true
J492811,true
E432013,true
M468795,true
G261113,true
K432430,true
E572824,true
E582460,true
J388190,true
D302971,true
A385114,true
K365473,true
D457389,true
H504548,true
G202109,true
J407550,true
A357966,true
E475386,true
K435422,true
K408098,true
G290846,true
F332306,true
J389719,true
B373485,true
B478227,true
G221821,true
G362467,true
B414955,true
K388903,true
A391219,true
C377267,true
F557630,true
D415567,true
M322660,true
M287603,true
G329720,true
K408395,true
A230333,true
D538492,true
G345978,true
D421430,true
J279169,true
B460704,true
F524960,true
A199093,true
C342529,true
F542208,true
F511705,true
E418274,true
H392282,true
F529404,true
K434751,true
A324097,true
B469185,true
K411816,true
M480906,true
D435070,true
C335709,true
D489047,true
H520674,true
D523477,true
K422057,true
K419329,true
K407911,true
D526392,true
G367219,true
F436828,true
E406020,true
J318538,true
H470140,true
F368166,true
H486772,true
G334835,true
F516776,true
C282535,true
B441927,true
A359165,true
G165149,true
D453561,true
G311097,true
K334233,true
M440745,true
D534796,true
C259446,true
C318835,true
F329281,true
A327353,true
M384546,true
H355432,true
H543268,true
B456535,true
C179256,true
C193853,true
J488895,true
B472749,true
K298197,true
A385983,true
D353549,true
M483909,true
F452184,true
C311311,true
J302797,true
K429999,true
K262260,true
C381942,true
A468791,false
B346187,false
C292226,true
D316413,true
C250514,true
D485637,true
D384910,true
F395776,true
F395655,true
E512720,true
J286473,true
C164872,false
B279458,false
G194376,true
A233248,true
C291973,true
D445014,true
J301334,true
G296588,true
C164873,false
E264813,false
K415743,true
H562628,true
H433191,true
C319033,true
E514557,true
K213485,false
D315486,false
K422200,true
C461587,false
C316690,true
A128465,false
B234005,true
A369131,true
K325125,true
G321734,true
D297350,true
J346126,true
A381462,true
E513481,false
J487982,true
A230421,true
D532035,true
M346541,true
A180800,true
C275033,true
B298333,true
J213548,false
E246813,false
M331350,true
G371124,true
J277277,true
C335203,true
M246615,false
E556312,false
C352154,true
A280196,true
J376134,true
D321209,true
B481384,true
D448127,true
C386430,true
D133452,false
E226489,false
A443152,false
K316445,false
D452769,true
B433512,true
A213525,true
M446432,true
G215534,false
C282546,true
G455123,false
M454583,true
B322863,true
C277596,true
H484330,true
A184716,true
J235446,false
A368537,true
F551701,true
B286442,true
C375452,true
F233155,false
F400671,true
B231500,false
C100452,false
D330757,true
F355450,true
A229970,true
A234415,false
D435001,false
J442618,true
F465505,true
H374594,true
A190139,true
J458832,true
A215087,true
C121627,true
M433386,true
A223774,false
B430012,false
H439910,false
H410201,true
G186412,true
E472988,true
E122503,false
K122433,false
G275160,true
A304572,true
M220144,false
C332047,false
K443958,true
F564747,true
K371138,true
B455897,true
M490498,true
E503832,true
H331232,true
A275378,true
M339556,true
B122005,false
C355400,false
H463782,true
D496395,true
D515513,true
G316388,true
K123550,false
K309450,true
D407515,true
D422266,true
C188452,true
C231555,false
B130022,false
E455531,true
A204263,true
K300331,true
M340502,true
H317482,true
C224330,false
F451133,false
C279862,true
B306528,true
J481129,true
B422127,true
B402536,true
E514205,true
D497748,true
C247621,true
M326873,true
A299248,true
E506285,true
J365618,true
B335139,true
E407241,true
H466950,true
C269819,true
A356602,true
A136140,true
F368353,true
H378543,true
G127518,true
G172398,true
A201425,true
J337788,true
E511972,true
D395217,true
J395725,true
B356864,true
G262235,true
E459117,true
F495744,true
J472043,true
E553277,true
A225823,true
B428804,true
E497144,true
H557392,true
M401475,true
H571175,true
K438788,true
K285041,true
F458058,true
E377024,true
D288407,true
B428606,true
G256625,true
H438878,true
J307659,true
D527613,true
M477320,true
E375495,true
J378620,true
B334391,true
G197412,true
B421753,true
J377531,true
J485716,true
J310618,true
B464763,true
E428328,true
M293488,true
G289119,true
H358182,true
E574254,true
D507747,true
K346245,true
K387671,true
A241300,true
M412695,true
F466088,true
M294654,true
A364148,true
C339240,true
C297143,true
C361141,true
F376724,true
F336519,true
K441791,true
A241410,true
H448690,true
K410661,true
M350138,true
B387444,true
G148836,true
M359301,true
B384562,true
K412674,true
F528304,true
C290598,true
D518494,true
H423346,true
A384454,true
C179762,true
D335124,true
A360727,true
G261443,true
F477495,true
E562319,true
M492159,true
C156508,true
A229057,true
G244932,true
M455221,true
F364118,true
K387704,true
G278812,true
F463734,true
M317237,true
G223097,true
F488220,true
A317431,true
K235827,true
B461012,true
B405363,true
F453691,true
J371459,true
J306955,true
E580755,true
E359512,true
B443896,true
B255576,true
B288169,true
B231992,true
J460812,true
K331428,true
K333408,true
A280625,true
E515448,true
H425029,true
F294576,true
K274019,true
G226331,true
G226122,true
E492634,true
F451590,true
D412157,true
H508728,true
G282970,true
H503173,true
M482215,true
F514092,true
J307296,true
H366157,true
M297822,true
C249986,true
D440251,true
M432781,true
M390145,true
E406251,true
J375782,true
K309604,true
M489178,true
G345406,true
G163653,true
D519275,true
C368093,true
J483098,true
A232115,true
G261597,true
C288068,true
M357420,true
D415534,true
H482581,true
E507011,true
F519141,true
G162982,true
G368979,true
C383130,true
E547414,true
B324667,true
F535619,true
M413212,true
A200787,true
H328009,true
H469183,true
C283415,true
E463836,true
K283391,true
M256011,true
E354958,true
A203911,true
K418240,true
F540217,true
M254251,true
B221223,true
E531519,true
M503214,true
F553538,true
F372126,true
B484046,true
K319383,true
M451965,true
C260238,true
G264985,true
C269841,true
B375828,true
G146746,true
G142852,true
J327888,true
G217366,true
C255585,true
J380105,true
E449085,true
B412106,true
M439117,true
C342001,true
B455182,true
J289586,true
C207350,true
E520013,true
H379170,true
F409680,true
M305676,true
K193323,true
J343453,true
E448909,true
M319965,true
M307568,true
A204538,true
E361910,true
D310187,true
E321287,true
A231037,true
A191690,true
F437103,true
A135744,true
D429284,true
F479310,true
F493610,true
C327943,true
K324795,true
F366813,true
G333669,true
F524168,true
A223777,true
B274573,true
M431483,true
M501102,true
J483505,true
G336276,true
C182083,true
K395316,true
D427634,true
F300824,true
B483364,true
B281679,true
F505061,true
E404942,true
G359068,true
F453768,true
B326119,true
D435224,true
C289630,true
K392797,true
B379194,true
F445815,true
G229356,true
E448007,true
G367175,true
H377036,true
G193485,true
A164157,true
J276265,true
C166826,true
K359588,true
E479588,true
G260244,true
K247905,true
B336635,true
J423709,true
C291841,true
A277886,true
E368730,true
C346236,true
A245436,true
J366586,true
M288516,true
B441344,true
A366150,true
D481171,true
K411233,true
C340318,true
M366759,true
J411125,true
D527679,true
D497594,true
D528141,true
E395999,true
B429915,true
G364700,true
A354688,true
C364771,true
D478113,true
E370259,true
H390445,true
C386518,true
C218603,true
D400948,true
J298881,true
C154825,true
A159174,true
F398658,true
A227341,true
A323833,true
H466246,true
C302665,true
G306686,true
H528858,true
E428504,true
M443825,true
D292774,true
D378167,true
A342522,true
E527361,true
D336763,true
C321222,true
J352627,true
C304865,true
M434937,true
A309676,true
H465190,true
E487871,true
G213054,true
G254733,true
G220248,true
C309078,true
C343651,true
D517812,true
E576333,true
F549193,true
G269462,true
B280249,true
F387339,true
M325245,true
B282658,true
A193318,true
A384597,true
J321464,true
J469964,true
A393331,true
G295180,true
A348517,true
G355185,true
K225388,true
K335476,true
G119675,true
J272866,true
A365787,true
C350790,true
G339301,true
F442064,true
K404193,true
H540518,true
J396517,true
M397449,true
J402083,true
J385319,true
F562239,true
G304079,true
G329566,true
C385055,true
E458842,true
H506594,true
G195080,true
E369302,true
M410418,true
F387438,true
D437116,true
D292664,true
H371107,true
A231477,true
C217998,true
B369690,true
K193664,true
E421332,true
M266450,true
A313460,true
C233695,true
C168993,true
H493042,true
H396429,true
D480995,true
J454003,true
H332035,true
M291673,true
A291394,true
A386852,true
E510091,true
E557523,true
E490060,true
H413853,true
K440020,true
M500981,true
E511917,true
H344135,true
F443461,true
A321556,true
K295458,true
M410605,true
G323890,true
A165576,true
D438216,true
J422268,true
G231160,true
D368707,true
M316830,true
C337876,true
C291852,true
H567655,true
K243054,true
B365059,true
J395296,true
M324871,true
G193441,true
G216442,true
F415510,true
J368148,true
F447751,true
C333597,true
F526654,true
M375493,true
B268336,true
A395102,true
F424453,true
H403678,true
M437005,true
E331143,true
D426336,true
E361723,true
C299992,true
K393721,true
J337414,true
J376926,true
B375817,true
F372962,true
J365640,true
M411122,true
F305598,true
B318837,true
J468292,true
M431769,true
A406069,true
K442759,true
F555166,true
D367541,true
B351529,true
G187083,true
E360997,true
H374407,true
G149573,true
E410101,true
G263775,true
A274740,true
G234163,true
F494270,true
F520395,true
B256764,true
E420100,true
B459901,true
J391501,true
C234212,true
D367354,true
C354574,true
J401027,true
K291157,true
C186912,true
M321384,true
J251482,true
G125978,true
A178248,true
G215320,true
G209072,true
C179278,true
K332979,true
A218552,true
K292587,true
M360181,true
G296874,true
A283320,true
H399938,true
A204571,true
M411155,true
D394128,true
J469645,true
C292171,true
H558008,true
M436752,true
M321186,true
E390675,true
F554968,true
J485166,true
E453221,true
H436777,true
C382602,true
K250952,true
B304625,true
G219665,true
D425280,true
K292070,true
H477653,true
C382118,true
C328438,true
D467168,true
G279021,true
M440349,true
F453328,true
J251581,true
J241560,true
F457783,true
E391731,true
M298317,true
M364790,true
M445255,true
K375648,true
D490290,true
K399496,true
B298666,false
K434488,false
E220068,false
G343767,true
A146469,true
K286977,true
D391532,true
E495956,true
K306568,true
M404060,true
E387254,true
M456794,true
E459689,true
H436550,false
A230048,false
K430120,true
F422495,true
C159577,true
B407662,true
F472171,true
K399045,true
D449612,true
M488320,true
D495889,true
K282995,true
H529507,true
D429856,true
F515797,true
F489958,true
B295638,true
H384604,true
B318485,true
E331077,true
M413454,true
B397960,true
G263368,true
F468816,true
H511291,true
G118608,true
H570042,true
K366947,true
G215738,true
E583593,true
F517315,true
H438889,true
E551715,true
H389158,true
A325791,true
E514942,true
M356848,true
H562980,true
D466662,true
K437314,true
K315016,true
M299065,true
M494898,true
K264570,true
K441175,true
J474353,true
E373966,true
E513160,true
G219401,true
C278377,true
K364494,true
K331956,true
M400078,true
G212592,true
A185233,true
C360976,true
J480293,true
H352154,true
K248972,true
E366497,true
A250595,true
F362930,true
K237752,true
D287274,true
B228483,true
H441892,true
B358877,true
A326077,true
H352418,true
D416392,true
M405512,true
B374002,true
B339671,true
E575167,true
H433168,false
E225846,false
A316654,false
K418262,true
M319525,true
C456887,false
J225551,false
B531648,false
G368462,true
M492808,true
D358752,true
K239776,true
B423458,true
M315521,true
M464626,true
J423423,true
D480335,true
K331197,true
E490368,true
H368203,true
J367070,true
C234058,true
G176633,true
B362672,true
E508848,true
K361626,false
B321554,true
A266204,true
J390401,true
B356985,true
F343889,true
H318494,true
J276397,true
F386404,true
B467557,true
M508615,true
C118921,true
E476695,true
H541860,true
D498078,true
E391269,true
M492544,true
H506781,true
F290649,true
M436334,true
M384964,true
G335891,true
A266633,true
B364784,true
D360776,true
K293918,true
C199386,true
B366929,true
C245685,true
M410341,true
J361922,true
J452144,true
A350849,true
F344329,true
B468851,false
C436698,false
K215604,false
J203316,false
E561138,false
G328763,true
A368262,true
K455321,false
E126444,false
A258911,true
G203677,false
M444318,false
C363481,false
B461276,true
E459986,true
G434666,false
A118499,false
C537561,false
H488875,false
B219456,false
D531497,false
M246184,false
G251688,false
D313556,false
J457553,false
J486321,true
G228355,true
E476574,true
B391569,true
K385526,true
H360393,true
H469403,true
C249987,false
K423553,true
C239316,true
K345684,true
C214819,true
J249645,true
D506537,true
F320173,true
B328991,false
D443510,false
E159992,false
B125066,false
A531194,false
B303646,true
G509614,false
K444182,false
J553108,false
F248891,false
E203661,false
M205481,false
H474153,false
A309645,false
B506183,false
D399185,false
D478913,false
A198342,false
J403184,false
K318094,false
E284166,false
G122589,false
B226184,true
C308148,false
H501354,false
A453180,false
C354194,false
B209948,false
J138044,false
J513081,false
E220841,false
A201844,false
C222315,false
D433318,false
M288861,false
B315618,false
B222089,false
C344916,true
E168499,false
A207129,false
D561842,false
J381946,false
K228999,false
K345111,false
M107916,false
D518911,false
A138400,false
B123897,false
G294413,false
M220816,false
D441659,true
B354499,true
C341792,true
F450787,true
A199302,true
D383623,true
G160056,true
C210122,true
F489485,true
K275141,true
K406173,true
C191081,true
J466433,true
K227434,true
A185442,true
K323926,true
G216013,true
F371334,true
M459489,true
M505898,true
G302902,true
H565004,true
J303809,true
C254606,true
B242200,true
A294232,true
E572164,true
M350754,true
F361841,true
E519364,true
C314226,true
D512499,true
G239850,true
G372664,true
D382270,true
E408495,true
A215868,true
E418087,true
B476830,true
G153379,true
F470136,true
M411683,true
D444618,true
D512092,true
G370937,true
D335806,true
A259692,true
C253737,true
E518242,true
A196332,true
K426039,true
A220257,true
D430175,true
B448318,true
B220772,true
J316096,true
C372064,true
G325870,true
E322288,true
E346224,true
G341897,true
D343550,true
A321512,true
K407152,true
K351668,true
D357641,true
H348590,true
B450683,true
D483723,true
J427163,true
F414839,true
M425059,true
J356796,true
M416006,true
E417977,true
M259729,true
M294566,true
D326313,true
B235127,true
G288712,true
F395369,true
F421373,true
F407601,true
H381326,true
H467126,true
G258385,true
D378937,true
A162265,true
A300183,true
G339213,true
D407449,true
C361207,true
M516821,true
B438792,true
J238623,true
F389880,true
E344816,true
G276249,true
A293132,true
F353899,true
B270844,true
H484792,true
B409301,true
E558722,true
J417230,true
E373196,true
J300707,true
H388806,true
E406009,true
K300683,true
D362932,true
A234106,true
M275690,true
A311414,true
D318756,true
F487901,true
D515612,true
H387706,true
F512079,true
D390784,true
M322363,true
A221588,true
D447632,true
C352407,true
B381339,true
K206193,true
A161825,true
J252461,true
B323501,true
D506768,true
F530966,true
G145349,true
E464177,true
M393401,true
C354112,true
C285527,true
D290134,true
H509003,true
M268771,true
B245456,true
M358311,true
C202147,true
F426136,true
G250905,true
H462044,true
D459435,true
J342342,true
K408593,true
A235943,true
F525059,true
K287527,true
A376798,true
K262766,true
M486043,true
A177522,true
H496001,true
M429965,true
B238856,true
K280069,true
J415525,true
M420417,true
K294974,true
F408459,true
G256592,true
K346685,true
B265938,true
D423223,true
E473769,true
F467584,true
E393942,true
A361321,true
H444928,true
K334486,true
J399487,true
K290442,true
A257866,true
F407326,true
A152233,true
B355748,false
E478136,true
K257189,true
J470767,true
M309141,true
C201561,false
B531843,false
G221569,false
M443297,true
E106483,false
F432228,false
A503189,false
C298444,false
K346689,false
D530198,true
J334169,true
B530889,false
E111399,false
B453891,false
B300548,false
M122973,false
D531997,false
E443918,false
F167882,false
C434908,false
J190384,false
H433917,true
J218099,false
K294888,false
H415733,false
B408677,false
C444837,false
M209931,false
E112876,false
D487760,true
J416625,true
D447236,true
B304768,true
A177874,true
C340076,true
J329758,true
B464906,true
A387490,true
H364397,true
H569283,true
M498803,true
M495360,true
H421740,true
A383772,true
H318439,true
K279750,true
C164879,true
E355145,true
J288574,true
C257906,true
H460812,true
G261531,true
C316173,true
B563111,false
E322178,true
M425781,false
K222579,false
F238893,false
C215781,false
D415772,false
A336669,false
M411698,false
J486601,false
B177359,false
C234475,false
J318648,true
M429250,true
A316375,true
J377509,true
D398330,true
J320199,true
G336298,true
F333560,true
E393843,true
J411488,true
A386874,true
M481412,true
G343360,true
J487223,true
J481162,true
B304581,true
A309753,true
H473682,true
M419471,true
B462222,true
J246367,true
M357574,true
C173800,true
J328174,true
F531098,true
K430912,true
A280746,true
C227524,true
J439274,true
C207130,true
D506669,true
J239305,true
F490079,true
J308528,true
J327030,true
A250760,true
B321895,true
G354030,true
K266572,true
A223084,true
D344771,true
F378033,true
H385847,true
E388002,true
G124603,true
H349679,true
C155474,true
G150651,true
D312926,true
A191800,true
F341337,true
B445923,false
E351192,false
E278351,false
F516279,false
D251219,false
K244531,false
B467291,false
A552777,false
A464517,false
M400278,false
C426578,false
J251770,false
F261777,false
M544711,false
C358581,false
B222571,false
E344612,false
J471590,false
K400253,false
B342619,true
C533750,false
G403118,false
K458222,false
B247999,false
M566317,false
F460021,false
K580361,false
G513809,false
M177360,false
B476029,false
J582481,false
C403719,false
D200538,false
A511189,false
M430988,true
E331689,false
H211749,false
C467771,false
K259901,false
B418577,false
D331592,false
J237150,false
F173538,false
B405274,false
M317747,false
B436610,false
B548112,false
M482446,true
C433359,false
H391743,true
M295325,true
E357411,true
K301266,true
D442132,true
D503237,true
B297134,true
E369830,true
H337678,true
A189270,true
E386847,true
D436533,true
G205233,true
F346100,true
E378520,true
D489432,true
G115759,true
F354328,true
H516142,true
C347754,true
E503766,true
H465685,true
A216319,true
E434477,true
G231050,true
J236599,true
K356365,true
B285265,true
B334809,true
C382514,true
F351226,true
J298177,true
H445379,true
J471240,true
J367840,true
D499112,true
F520439,true
F497064,true
J393833,true
D419285,true
F328005,true
J306009,true
B280106,true
A187708,true
E363582,true
H366333,true
C223663,true
M441878,true
C206030,true
B407948,true
B404307,true
G296478,true
B418420,true
H504207,true
K441934,true
M304653,true
J453838,true
A284607,true
H415932,true
B349406,true
A266259,true
A171120,true
G321360,true
H324918,true
M320988,true
H508541,true
A309423,true
B447867,true
J348436,true
K412905,true
C300047,true
F419965,true
C264231,true
M466914,true
F515214,true
H403700,true
E398793,true
A196673,true
E397253,true
C374957,true
K434828,true
B441938,true
G187182,true
E559283,true
B357887,true
K192685,true
K235321,true
M338643,true
H399443,true
M322440,true
C150117,true
C243188,true
B389710,true
B407112,true
E364308,true
F502256,true
E571262,true
G254271,true
B429816,true
B347877,true
G254238,true
F386118,true
K353758,true
K243527,true
J298265,true
C169114,true
G158978,true
F401551,true
M346233,true
E452935,true
H446391,true
H322179,true
M475747,true
E521696,true
G200360,true
G293288,true
K242526,true
E510179,true
K379586,true
J316983,false
C513248,false
M411739,false
E233748,false
D214589,false
E515785,false
K242589,false
M243174,false
B422856,false
H424781,false
J204821,false
A238639,false
F245117,false
M474889,true
K453081,false
B258004,false
J453198,false
D243774,false
F174956,false
G213850,false
K588264,false
J278487,true
C251704,false
B245370,false
M464692,true
B214380,false
K417838,false
B513288,false
C308052,false
F318449,false
K283735,false
M414570,false
A205883,false
J526840,false
H318748,false
C377949,true
A215639,false
K266470,false
B233178,false
M106688,false
J187480,false
B253789,false
C271567,false
F268747,false
M485583,false
C216480,true
B366379,true
D317584,false
B233153,false
J484487,false
A476753,false
M331849,false
B316638,false
M413470,false
K412680,false
J288056,false
C307647,false
B183579,false
B463470,false
C312648,false
M311747,false
G441478,false
B356270,true
D166357,false
C374691,false
B477274,false
K316639,false
K288381,false
M511392,false
E512840,false
K417229,false
J315839,false
A582480,false
B116793,false
J337748,false
B277936,false
K155348,false
M475289,false
C399046,false
B184699,false
E274793,false
D445783,false
K394073,true
G180527,true
D289452,true
H387937,true
C212278,true
D307701,true
J255926,true
A361530,true
A368152,true
E429230,true
M303080,true
K209647,true
K236762,true
K202530,true
C134816,true
E428196,true
A289656,true
K228435,true
B334248,true
D392918,true
F528084,true
H419067,true
F489078,true
C330165,true
H555203,true
A389371,true
H517660,true
F322681,true
F468904,true
K373162,true
F552988,true
H571109,true
K330537,true
J403139,true
J228096,true
H543444,true
K413422,true
G338124,true
K224332,true
K275790,true
D417041,true
A275279,true
B393516,true
G174950,true
C297352,true
K298219,true
J373329,true
K220284,true
F497097,true
G125538,true
F492543,true
G182606,true
M438314,true
C272745,true
H569668,true
M504457,true
E418109,true
J305712,true
M320328,true
J484462,true
G235164,true
A408830,true
B373045,true
A171197,true
A202019,true
F357485,true
G186192,true
D346916,true
C172887,true
A196860,true
J405834,true
K326148,true
E411047,true
M256957,true
G186610,true
H438636,true
K317909,true
K343891,true
C220660,true
H455444,true
D369015,true
G340753,true
J302742,true
D445630,true
F457343,true
H538681,true
D526403,true
E518770,true
A223502,true
A289128,true
D349237,true
B436834,true
K392302,true
A396026,true
F317049,true
A147558,true
G288514,true
H380435,true
M403422,true
E396505,true
D488431,true
D540681,true
H307758,true
E312212,true
E404447,true
E400058,true
J276881,true
H358501,true
F358717,true
K243802,true
J280005,true
E327711,true
A185618,true
D432375,true
A222303,true
D489036,true
B357502,true
F533463,true
E394195,true
J242660,true
K183676,true
D372194,true
E397583,true
G334406,true
A378899,true
M357662,true
K379641,true
G343426,true
J228602,true
A226769,true
B318232,true
K352262,true
K379652,true
M513631,true
E549735,true
F524927,true
E438118,true
B358833,true
C171303,true
C278465,true
K410089,true
E549383,true
J495517,true
M329040,true
F303519,true
A213118,true
G249937,true
K344848,true
E365320,true
K357465,true
A345646,true
F322483,true
G269638,true
B375883,true
D321583,true
M300044,true
C176748,true
E333255,true
J334081,true
A234843,true
G200756,true
M315785,true
E361030,true
G229334,true
C306889,true
A254060,true
M445497,true
K232021,true
J315392,true
M516777,true
E572769,true
J365585,true
F469069,true
E574463,true
M345914,true
K188769,true
F451370,true
C262196,true
B272164,true
A329179,true
H505219,true
G336782,true
C379709,true
F537577,true
J430529,true
M475956,true
M344924,true
C221001,true
J344795,true
A354611,true
E434312,true
K402752,true
J287661,true
D385680,true
D447401,true
F425872,true
G317345,true
B261296,true
C369842,true
H450835,true
B465940,true
K339414,true
K262788,true
B413855,true
M301496,true
J452089,true
H471867,true
D333562,true
D432826,true
F431614,true
D337863,true
G211976,true
F431856,true
G289196,true
A227935,true
H559427,true
H437635,true
K283314,true
F493775,true
G250014,true
A393804,true
M482820,true
C228591,true
A145039,true
C120835,true
H386551,true
M367991,true
M378738,true
E483152,true
B483848,true
D482227,true
H544071,true
A210060,true
A370627,true
B249515,true
F541570,true
F473832,true
A271308,true
M311561,true
K285217,true
A245073,true
B424723,true
H558382,true
E388189,true
G211217,true
B260603,true
C212454,true
A217419,true
G279505,true
D513588,true
A270373,true
K252030,true
A211589,true
G368814,true
M441757,true
K237510,true
A325043,true
J472890,true
E499366,true
K370929,true
G328532,true
B404318,true
B455314,true
G142995,true
C175428,true
C343607,true
C246752,true
K418361,true
M267506,true
J459437,true
F548687,true
M424850,true
J394196,true
H494406,true
K243901,true
D426600,true
C247687,true
K374669,true
H490127,true
D271269,true
C290807,true
H387464,true
G221623,true
K328568,true
J441012,true
E442870,true
F555254,true
J383911,true
G257703,true
F496767,true
E518110,true
M483029,true
M508120,true
K398363,true
A378085,true
E396516,true
E468742,true
B289302,true
E418384,true
E477399,true
F492598,true
H456093,true
A328486,true
A231851,true
E496308,true
H523160,true
G232722,true
E544741,true
C213928,true
A159801,true
A142619,true
H542003,true
F531285,true
M415775,true
K237807,true
D532761,true
J436095,true
D4232375,false
G223394,true
C321002,true
E374241,true
K380213,true
H526856,true
M367727,true
J464706,true
H413567,true
J385638,true
M319646,true
D340206,true
B378479,true
G338663,true
K413026,true
H552618,true
M365186,true
H469370,true
H456181,true
A304143,true
K301079,true
A193021,true
C183744,true
B350198,true
K402851,true
M484943,true
C365002,true
C380094,true
D348797,true
M302805,true
A249385,true
A144412,true
C381326,true
G308688,true
F393279,true
J319220,true
H314908,true
J318142,true
J394856,true
A270472,true
E417669,true
C348700,true
E518440,true
B359306,true
D455431,true
D482700,true
J479523,true
A297939,true
M496086,true
F536862,true
F550172,true
D526788,true
C303270,true
K268827,true
F538930,true
E573836,true
B485894,true
D285448,true
J314974,true
M328061,true
K225894,true
J360151,true
D393798,true
F452052,true
J422532,true
K352669,true
J429880,true
K342021,true
C238073,true
A336087,true
C189266,true
C379126,true
C290565,true
K272677,true
B425713,true
J382459,true
C328152,true
C132682,true
G368055,true
G346715,true
G374655,true
M341448,true
D325730,true
M362821,true
M353284,true
C197802,true
A152871,true
F350984,true
D501697,true
A188962,true
F459884,true
B356512,true
K310902,true
M355429,true
M344847,true
F365218,true
F456243,true
M454132,true
J415756,true
D516195,true
E521157,true
J317856,true
D495240,true
B390568,true
E583318,true
F371972,true
K181311,true
C326865,true
F371774,true
D464330,true
A335053,true
E564893,true
B365180,true
G214319,true
M312793,true
J431948,true
K189847,true
A267161,true
K391389,true
H570878,true
J373835,true
D305083,true
M330778,true
B290028,true
J413094,true
C308792,true
G111469,true
C357566,true
K343363,true
E585309,true
M3474525,false
C185889,true
B408036,true
G251862,true
C179476,true
G196268,true
K261831,true
G366867,true
M502587,true
M507273,true
J290235,true
B391184,true
E435786,true
K560643,false
B309718,true
K412498,true
A373157,true
G172387,true
K297020,true
M320944,true
F333912,true
D386098,true
F363887,true
A271220,true
D278584,true
E462109,true
M317380,true
J341330,true
B436240,true
M342515,true
K250809,true
M285040,true
F472413,true
K244792,true
E462802,true
B434546,true
C338448,true
G202208,true
D467850,true
C186384,true
A386126,true
F543539,true
E484648,true
B468228,true
E376749,true
G363160,true
H568359,true
F557245,true
H491810,true
F561568,true
C185790,true
J499334,true
D344078,true
C210518,true
K255990,true
J298925,true
G112690,true
A304440,true
H529815,true
M396173,true
F433957,true
F376746,true
D412718,true
D341812,true
E404843,true
M277692,true
G341039,true
J462990,true
H561759,true
B467238,true
H455147,true
B243927,true
B276883,true
M350028,true
K264933,true
A246811,true
D371721,true
E447545,true
B320982,true
C254914,true
B378754,true
F443780,true
K257541,true
G109709,true
C190696,true
C280940,true
F404466,true
F510231,true
E543487,true
E518121,true
J437558,true
A246382,true
H510378,true
C221859,true
E476002,true
B414559,true
C224961,true
B456931,true
M496218,true
J275440,true
E562264,true
K302993,true
E493965,true
J364397,true
E574023,true
J408749,true
G216750,true
K415886,true
D535709,true
D364351,true
E561703,true
C294547,true
D536831,true
J311707,true
J454465,true
D340613,true
J305228,true
E571581,true
C251064,true
C305173,true
C149864,true
C205392,true
J447018,true
M435113,true
M275602,true
D510926,true
G323010,true
K343561,true
D421650,true
C376937,true
G160045,true
D309670,true
M280783,true
C168190,true
K244275,true
E584440,true
B385684,true
J355586,true
H451374,true
E399090,true
H329120,true
K396735,true
F490475,true
D485901,true
C347578,true
J496727,true
G174752,true
M515094,true
F473810,true
F367022,true
C318032,true
E524538,false
B444246,false
F514329,false
B535640,false
C212347,false
C185573,false
D196438,false
D413622,false
E185469,false
K111442,false
M524431,false
A508764,false
G205575,false
C113336,false
F333654,false
H277499,false
A250308,false
B331856,false
B224428,false
K215379,false
B233746,false
C524705,false
M314460,false
E423749,false
J221470,false
G319586,false
A163479,false
H376625,false
F264378,false
D331367,false
A152474,false
J313685,false
B475428,false
M413579,false
B505418,false
F315773,true
C232774,false
E417358,false
E254389,false
A234790,false
K416849,false
H352920,false
D415809,true
B427458,false
A251749,false
D323479,false
F443691,false
K314784,false
B415795,false
J514783,false
M314739,false
G363674,false
B227646,false
H263489,false
A583580,false
J316636,false
K415840,false
F308558,false
B312749,false
B253471,false
J375589,false
M245278,false
F514689,false
C414784,false
J431279,false
K152478,false
M315635,false
C413796,false
J253571,false
H524638,false
B216539,false
F205491,false
J473048,false
M415739,false
K125183,false
C525783,false
D592750,false
J225258,false
M551468,false
K314663,false
B251739,false
A204891,false
D518305,false
G318370,false
B314544,false
C442464,false
F331380,false
B203135,false
J313679,false
B523782,false
E414427,false
J525544,false
K388957,false
G312759,false
H553886,false
B142297,false
M582563,false
B321235,true
B597068,false
M425674,false
B590689,false
F322128,false
E525631,false
M321329,true
C526749,false
D525537,false
A144289,false
H314278,false
G310483,false
J419406,false
B583622,false
C222847,false
D525188,false
A517877,false
K520738,false
J308747,false
G420484,false
J284240,true
G368902,true
A272694,true
D414698,true
E472240,true
K186844,true
B463311,true
G297952,true
F414894,true
J445049,true
M480576,true
C155342,true
H416647,true
E547590,true
E542310,true
A362234,true
F534794,true
F314288,true
D349787,true
E357521,true
E556038,true
H415283,true
D475451,true
A379251,true
B476687,true
B446547,true
D357883,true
G329093,true
G302044,true
D420561,true
E541727,true
K257783,true
K433376,true
B464994,true
E561263,true
J447414,true
D423333,true
A384729,true
G240554,true
F519570,true
A264004,true
E376881,true
C365629,true
A405233,true
G199645,true
A306816,true
F447465,true
M265251,true
D337885,true
H492767,true
M417106,true
B286431,true
K240172,true
F558675,true
C163009,true
F345143,true
F310867,true
C171336,true
J468017,true
K394293,true
K437974,true
M493996,true
D364483,true
H575839,true
E357730,true
D429218,true
F442185,true
D317381,true
H488037,true
G222712,true
D457323,true
K388892,true
B383154,true
G166315,true
H499455,true
B307144,true
D338303,true
E364286,true
E424214,true
K300507,true
J444873,true
F521198,true
K408010,true
C347523,true
C242748,true
D519066,true
H395362,true
A361310,true
K230327,true
H444267,false
C318406,true
D227547,false
E180057,false
J214243,false
F143306,false
K209654,false
C508531,false
M413207,false
G195630,true
A317420,true
D416150,true
K301904,true
C234465,true
J332189,true
C252043,true
B319728,true
F233157,false
M405380,true
B290351,false
E559393,true
K442387,false
A136976,true
G276898,true
C306306,true
B288730,true
B474014,true
M336905,true
J325798,true
C206041,true
D487884,false
E233146,false
G204785,false
M253857,false
C586431,false
B253715,false
B259736,false
C166249,false
K242578,false
B283646,false
J534899,false
K537254,false
E213269,false
J232379,false
G197247,true
C113157,true
E575013,true
A320720,true
K364450,true
H389235,true
G367802,true
K312299,true
G319622,true
D341636,true
B253341,false
H474672,true
C239008,true
M303971,true
E372129,true
E388068,true
K424279,true
B403548,true
H507320,true
B457844,true
F337542,true
C205920,true
G265139,true
G235307,true
H543312,true
E557017,true
G151190,true
A202899,true
M422023,true
E586585,true
G109038,true
C237952,true
B243047,true
G179141,true
A293638,true
B481395,true
F329435,true
B336426,true
B338219,true
M453076,true
M323309,true
G195498,true
A315605,true
C289597,true
J258225,true
B301050,true
K189176,true
G221678,true
M452977,true
D452318,true
H556809,true
J336919,true
K311290,false
E448216,true
C414377,false
B533324,false
J218576,false
M590906,false
A253859,false
B413274,false
D427465,false
K524331,false
B233398,false
G254458,true
A190757,false
D255346,false
C487558,false
B185478,false
K253648,false
K586822,false
J232389,false
C230748,false
E316568,true
B227995,false
A253353,false
D383664,false
F213170,false
A215673,false
C336613,false
K123793,false
F108654,false
J553579,false
F534677,false
E312347,false
D246678,false
A186428,false
F208637,false
D446856,false
M147337,false
G333157,false
C215673,false
B598669,false
H215534,false
G225558,false
J588669,false
D331377,false
G305891,false
M317379,false
K297526,true
D197532,false
J367899,false
M167836,false
A277447,false
M489754,false
D368954,false
K496415,false
A266348,false
F316634,false
A157438,false
B209753,false
M328659,false
B215549,false
C521394,false
E209488,false
K284684,false
D229461,false
J458138,false
A138465,false
M351648,false
B168869,false
D284684,false
A119684,false
C135188,false
B199438,false
A227998,false
M138469,false
J258447,false
G221888,false
C103849,false
D195397,false
E117932,false
A109205,false
D295364,false
K125889,false
B203614,false
C111395,false
M193447,false
D348648,false
E549139,false
A513949,false
K431666,false
M108089,false
E505698,false
D107739,false
A463886,false
G123548,false
B299847,false
M306034,false
E118498,false
D225688,false
J138499,false
A209994,true
E115648,false
A209984,false
M223568,false
C101414,false
D573915,false
K465138,false
C259847,false
D109854,false
E133058,false
D513648,false
H284869,false
A235594,false
C131366,false
F461998,false
A139845,false
E205846,false
M308144,false
C543184,false
D229896,false
A138468,false
C284681,false
B225846,false
M189499,false
E202088,false
K303487,false
E107495,false
J225489,false
K409873,false
F141668,false
E503948,false
K569788,false
A101489,false
C321687,false
B597264,false
M348149,false
F248198,false
K301487,false
D225569,false
D254817,false
E105893,false
K229645,true
J321897,false
D421846,false
M546898,false
A210568,false
D103949,false
E589781,false
M306498,false
F502301,false
E202384,false
D312648,false
F451698,false
A138496,false
B101548,false
D456818,false
K463351,false
H494993,false
E513849,false
A326899,false
K213548,false
E101684,false
H208461,false
M306484,false
E561568,false
D445598,false
A142217,false
D506168,false
E231548,false
C315069,false
K242516,false
D321654,false
E416849,false
A301548,false
B196385,false
C153489,false
B316864,false
E256498,false
M339915,false
D113507,false
K313259,false
A199654,true
E203548,false
D321684,false
K543198,false
M421354,false
D113084,false
B361948,false
C184731,false
M323365,false
E484991,false
D101058,false
K233648,false
G250194,false
A286415,false
K286401,false
J413884,false
G358641,false
E515381,false
C353486,false
M413858,false
F248491,false
F315386,false
C215384,false
A123559,false
J203215,false
F128648,false
B315845,true
C215684,false
D312587,false
K351589,false
H202186,false
M235884,false
E513948,false
D216843,false
A301845,false
K120351,false
E136495,false
D126463,false
J325641,false
H325469,false
D321618,false
A213848,false
D566184,false
F213849,false
G324988,false
K326168,false
M203286,false
M325445,false
H125321,false
B212258,false
F232251,false
K566641,false
B212241,false
E598960,false
K513153,false
J432184,false
D291495,false
A102057,false
F223915,false
A471985,false
A265663,false
C123589,false
D435812,false
D546551,false
B254819,false
J519453,false
M513946,false
F351684,false
B513546,false
M536694,false
F501441,false
E444381,false
D599984,false
K422188,false
F504418,false
A326233,false
K461919,false
D151568,false
E132615,false
C153864,false
B328641,false
J153984,false
D498148,false
J513515,false
J218184,false
A505132,false
E415549,false
K321351,false
J201585,false
J271648,false
F222516,false
D114539,false
A215168,false
E556485,false
D513847,false
C135497,false
B212225,false
E151354,false
D231514,false
C233618,true
A205155,false
M123548,false
B221511,false
K336489,false
J506441,false
F531651,false
C566987,false
F561472,false
J513215,false
E548168,false
J233184,false
K323361,false
M321684,false
E515548,false
D236914,false
A516846,false
C231844,false
F261484,false
J516843,false
M218487,false
H203510,false
G201477,false
K577791,false
F235147,false
J231518,false
H316849,false
E587197,false
D591745,false
A159487,false
F321687,false
C171899,false
B281947,false
K321689,false
M200871,false
G513584,false
E216189,false
D597148,false
F321879,false
A303297,false
K322358,false
E598741,false
D381469,false
F284614,false
E513217,false
C232399,false
D415138,true
A321687,false
J129845,false
K368947,false
C215489,false
A548719,false
F298465,false
G298715,false
K323687,false
F250849,false
F189634,false
E458788,false
A510098,false
E236874,false
D202849,false
C218469,false
K348198,false
M271864,false
E218469,false
C284617,false
H526481,false
K128641,false
B147569,false
B298415,false
B518534,false
K518644,false
J269815,false
D513479,false
A298471,false
D562186,false
B284987,false
J596174,false
K593188,false
M284719,false
H294781,false
F247184,false
K291847,false
D564183,false
F123849,false
A107513,false
C284987,false
D528497,false
B295310,false
C515647,false
M320215,false
E152648,false
A174913,false
C284916,false
B282889,true
D321846,false
E515524,false
C329184,false
A321181,false
F561986,true
D321182,false
B289471,false
J235369,false
G281074,false
D591843,false
K222849,false
E414473,false
A213849,false
C556184,false
H322971,true
D516843,false
B539410,false
J284165,false
K231486,false
E184615,false
D584611,false
C248615,false
J515648,false
M202021,false
A416848,false
C386415,false
K515384,false
D256498,false
G413258,false
G418615,false
K321840,false
D109524,false
D284617,false
A328410,false
C384197,true
M560018,false
H308417,false
C471936,false
K582194,false
H431975,false
H284916,false
D291537,false
F516384,false
D238419,false
M212548,false
G351849,false
D154439,false
E548915,false
K541032,false
J102549,false
C439156,false
A294817,false
B287149,false
M283164,false
B192478,false
E361849,false
F518429,false
J231948,false
G208496,false
K284141,false
D291847,false
C513986,false
M284169,false
E198156,false
C202515,false
A293168,false
B221846,false
G398471,false
E464198,false
B236184,false
M401387,true
D273215,false
D568788,false
A197820,false
F384917,false
G281539,false
J321964,false
M294816,false
F251948,false
D361847,false
A133649,false
B198724,false
G326184,false
K351948,false
J277915,true
E561394,false
J266849,true
G233657,true
K422197,false
D203184,false
B246816,false
C186415,false
D258645,false
H415389,false
M315368,false
K261849,false
B159357,false
J486429,false
D288971,false
M289461,false
D284197,false
A555667,false
K294810,false
E159357,false
A285174,false
D396111,false
D481742,false
B222195,false
C274184,false
C233651,true
M158497,false
B561947,false
A111997,false
K231364,false
E208468,false
D509439,false
D231468,false
J286416,false
K316497,false
K234671,false
C549721,false
A294673,false
C248166,false
B256149,false
E501403,false
A222993,false
H216497,false
K221649,false
J264971,false
E224679,false
A194578,false
M326194,false
K230283,true
K194673,false
B200548,false
F436911,false
E222879,false
D209109,false
J216849,false
E521364,false
D136497,false
A290978,false
C233197,false
H222819,false
J531966,false
M357999,false
K334910,false
G410510,false
F520978,true
F267194,false
D331849,false
D259499,false
C517410,false
K321117,false
A103653,false
M131216,false
F294866,false
J271945,false
M227771,false
K326255,false
C588974,false
B119784,false
A560834,false
K477947,false
E568198,false
F403066,false
G505777,false
K269817,true
M321587,false
B231684,true
C321654,false
C594554,false
E577871,false
A203074,false
C599333,false
K274681,false
K590590,false
M687581,false
C222391,false
A487163,false
B222957,false
K287583,false
M406471,false
K353616,false
B297978,false
G500174,false
M263249,true
A195045,true
G317213,true
B368293,true
J424655,true
G205475,true
G285841,true
H542850,true
B279105,true
F539942,true
H517165,true
H367301,true
E516933,true
H396242,true
D352933,true
A228694,true
A291185,true
J460108,true
K325686,true
H523820,true
E508551,true
G341094,true
A198730,true
F468882,true
G147879,true
K415017,true
M478662,true
G360740,true
H479611,true
F544375,true
E424841,true
A355348,true
K254406,true
E406086,true
J337535,true
K420495,true
D431759,true
E391423,true
F408426,true
F386459,true
B44435,false
G146944,true
F350071,true
G204243,true
A262365,true
C372207,true
E388860,true
M463306,true
E441462,true
C256465,true
K420198,true
G330006,true
G341501,true
C170280,true
M399814,true
E479049,true
C304337,true
B299059,true
J323477,true
D420781,true
K436973,true
G144128,true
F494688,true
J316712,true
D311012,true
B415879,true
M406986,true
J295746,true
H421597,true
K326291,true
A142828,true
H510719,true
A314461,true
K301563,true
K354616,true
M425532,true
D415226,true
C278707,true
F383016,true
M470258,true
J464849,true
F314673,true
C310453,true
J396825,true
E413335,true
D385988,true
A202547,true
D226498,false
F156793,false
J204578,false
M403899,false
F537819,true
D156378,false
E277891,false
K244777,false
D244579,false
J543781,false
D341655,false
K121698,false
D556899,false
B512787,false
M423157,false
K578446,false
C263477,false
A548113,false
D333789,false
J290071,false
G222115,false
C537258,false
B212216,false
D412379,false
B542167,false
C548961,false
D331756,false
K488375,false
J250099,false
H232275,false
B251437,false
J213234,false
D561779,false
F531784,false
K363111,false
K433778,false
M213279,false
F455371,false
K434785,false
D138351,false
D274188,false
D416359,true
E416789,true
G231076,false
M243687,false
M561324,false
F216894,false
H430579,false
M513248,false
B489058,false
D295863,false
C163686,false
B285780,false
G527649,false
D214385,false
F251478,false
K436657,false
K478881,false
F147478,false
K213879,false
C350861,false
G247951,false
D231555,false
H542317,false
D524199,false
E119964,false
K120954,false
B274786,false
A123764,false
A220789,false
J312857,false
M312345,false
M458812,false
J233122,false
M312867,false
B244794,false
B277781,false
C458719,false
K402409,false
D212566,false
K413678,false
E330785,false
F333516,true
M578671,false
E145128,false
K443712,false
B320891,false
D223174,false
K427568,true
M317590,false
K512231,false
C333712,false
C478591,false
K231567,false
G423612,false
F416577,true
D233147,false
B284521,false
M457899,false
B241435,false
E122561,false
B246845,false
M417563,false
D222781,false
K315478,true
F312657,false
K424659,false
D233185,false
F212576,false
J233741,false
G503781,false
E327555,false
M212579,false
D441347,false
D361579,true
B286585,true
M332175,true
D463538,true
C230703,true
B370218,true
A276676,true
H366674,true
H387849,true
B268281,true
E361613,true
E487904,true
D351723,true
K414148,true
E520805,true
J377729,true
H457985,true
A383574,true
H567435,true
B422710,true
D536776,true
D509166,true
B480526,true
B467447,true
B460935,true
M122576,false
G289994,false
K421381,false
D233657,false
F213492,false
E588578,false
K437581,false
J211344,false
D421267,false
M458798,false
K578123,false
G324334,false
A558990,false
M353281,false
D278999,false
K346676,false
K544421,false
F151711,false
J577812,false
D424768,false
K521477,false
D452378,false
F457831,false
M212345,false
K423165,false
J385891,true
H348711,true
E322420,true
B436295,true
F537159,true
D441571,true
C381403,true
C135564,true
H483120,true
D359137,true
D510860,true
A296784,true
A209488,true
M452130,true
J360558,true
C299552,true
J335005,true
J462495,true
F324716,true
E327920,true
J426327,true
K220009,true
K430516,true
G216926,true
M397570,true
K221241,true
B324678,true
D513940,true
K432397,true
H534567,true
G373764,true
C121605,true
K412344,true
F542582,true
M393654,true
H558756,true
G355097,true
C371393,true
J344388,true
G259199,true
F364987,true
D459083,true
B286277,true
C258016,true
J443322,true
H557865,true
D363152,true
E470337,true
D485956,true
J341308,true
K247784,true
J343178,true
A326847,true
C317471,true
K346014,true
H337513,true
M403972,true
F532660,true
C341770,true
D509364,true
J479721,true
B380327,true
J227920,true
C249953,true
M510771,true
B440772,true
D281499,true
M482985,true
J362659,true
K352537,true
D390520,true
A259065,true
K260621,true
F394159,true
J343926,true
M453439,true
C323587,true
J495209,true
J491282,true
K340129,true
A177753,true
B287366,true
M328512,true
C356543,true
B419410,true
K444255,true
K288176,true
J304326,true
M332153,true
F336662,true
E455641,true
F347640,true
E568413,true
F299988,true
C123640,true
C251306,true
E475166,true
F345495,true
H388322,true
M405985,true
A382067,true
D336631,true
B418409,true
C292644,true
A382452,true
H478522,true
E537778,true
B403240,true
G333680,true
J271920,true
B402316,true
H357742,true
K444398,true
C125136,true
K189363,true
E427921,true
D501345,true
J487575,true
J489049,true
E405536,true
E122849,false
D271648,false
K433812,false
A207093,false
C258914,false
C384153,true
G455823,false
M531694,false
C504861,false
B136497,false
H222877,false
J503507,false
M322198,true
A135491,true
A261684,false
E533164,false
K517493,false
G321666,false
C281314,true
C361618,false
A443914,false
F113211,false
E513941,true
G207184,false
K323676,false
B521258,false
K523526,false
J153864,false
D286419,false
E105856,false
E250358,false
K516949,false
E363637,true
D131694,false
J201943,false
B169472,false
E228528,false
D390177,false
E193264,false
H348194,true
J213849,false
B529891,false
K131647,false
A132945,false
F305355,false
E371684,false
F225391,false
D364818,false
A416972,false
B512914,false
E101099,false
A321691,false
G292876,false
K323696,false
E519481,false
C336194,false
D456711,false
D344234,false
E108940,false
A258809,false
K236327,false
J502147,false
K361940,false
A153948,false
B113484,false
M320308,false
A139415,false
A264168,false
E294151,false
F456454,false
G191843,false
C237298,false
F191564,false
C516847,false
E581948,false
K578789,false
D301687,false
A213155,false
D415191,false
F195664,false
F164847,false
E125691,false
K105849,false
M323237,false
D218184,false
D513499,false
E361948,false
K154974,false
E101125,false
E321940,false
K272876,false
M156984,false
E321689,false
F323163,false
K507419,false
K216845,false
H136577,false
B272391,false
G210515,false
F321947,false
B194301,false
D201611,false
E297816,false
F311694,false
J284915,false
K136974,false
M221940,false
M487686,false
K423131,false
D577111,false
A205079,false
F134671,false
G135848,false
D273141,false
C310888,false
F531648,true
E109594,false
G326414,false
K222646,false
D198454,false
J487882,false
E114564,false
J321618,true
G213214,false
M535959,false
D243447,false
E164153,false
A255847,false
D453636,false
F196584,false
D247567,false
A241956,false
B294416,false
B316644,false
K200147,false
F138491,false
D134155,false
M139475,false
A121411,false
D281949,false
E174658,false
D281457,false
G259415,false
K315422,false
M225815,false
F462551,false
F216849,false
C256432,true
E326848,false
D169758,false
A141294,false
H266679,false
C179644,false
D217419,false
K424811,false
B254917,false
D248319,false
E366364,false
A458798,false
B202517,false
C431699,false
K218794,false
C446197,false
K241343,false
E559487,false
D274913,false
J305659,false
D164580,false
C323199,false
K487597,false
B222131,false
K326174,false
J281849,false
K514142,false
B298647,false
C243166,true
C428998,false
A334633,false
E257853,false
K316741,false
E138497,false
B227191,false
J422158,true
D277159,false
G157298,false
M142149,false
J504177,false
K583476,false
C141397,false
B283839,false
H221687,false
C421638,false
E369175,false
D376411,false
B187484,false
A199468,false
M213298,false
K455483,false
C381496,false
F214503,false
E581579,false
G273486,false
C243555,false
A201457,false
B541397,false
D332132,true
K433197,false
H251684,false
M378436,false
B198033,false
B230357,false
E235394,false
D227789,false
D461987,true
B287461,false
E113849,false
C215487,false
F594711,false
M281846,false
C363917,false
B543187,false
M357814,false
A323346,false
C577157,false
E316492,false
G277326,false
K218641,false
C329711,false
D281947,false
K243169,false
D581565,false
M291734,false
J168439,false
G305401,false
K596871,false
B229784,false
E194721,false
B593164,false
B281565,false
K242239,false
B271498,false
E153157,false
D301560,false
D597842,false
E319804,false
A329670,false
K269714,false
J319847,true
B214853,false
D558497,false
E231468,false
D203571,false
G233917,false
F233715,false
A244918,false
B484454,false
C298715,false
D422152,false
E442573,true
E375572,true
G266206,true
B263452,true
H552563,true
E534995,true
A364412,true
D371215,true
J326447,true
H402050,true
K339546,true
M322330,true
M373975,true
E558546,true
G265678,true
D510464,true
A386522,true
A225042,true
H514811,true
M447895,true
E319373,true
E313543,true
A366304,true
F384303,true
B288576,true
G111381,true
H571934,true
H477906,true
F475581,true
K325928,true
F291353,true
A387545,true
E430704,true
A189853,true
F348410,true
E351471,true
B239131,true
E491347,true
C289058,true
J307054,true
